CAUSATIVE FACTORS OF ROAD TRAFFIC CRASHES ,,,,,,,,,,,,,,,,,,,,,,,,,,,,,,,,,,,,,,,,,,,,,,,,,,,,,,,,,,,,,,,,,,,,,,,,,,,,,,,,,,,,,,,,,,,,,,,,,,,,,,,,,,,,,,,,,,,,,,,,,,,,,,,,,,,,,,,,,,,,,,,,,,,,,,,,,,,,,,,,,,,,,,,,,,,,,,,,,,,,,,,,,,,,,,,,,,,,,,,,,,,,,,,,,,,,,,,,,,,,,,,,,,,,,,,,,,,,,,,,,,,,,,,,,,,,,,,,,,,,,,,,,,,,,,,,,,,,,,,,,,,,,,,,,,,,,,,,,,,,,,,,,,,,,
,Q4 2020,,,,,,,,,,,,,,,,,,,,Q1 2021,,,,,,,,,,,,,,,,,,,,,,,,,,,,,,,,,,,,,,,Q3 2021 CAUSATIVE FACTORS OF ROAD TRAFFIC CRASHES  ,,,,,,,,,,,,,,,,,,,,Q4 2021 CAUSATIVE FACTORS OF ROAD TRAFFIC CRASHES  ,,,,,,,,,,,,,,,,,,,,Q1 2022 CAUSATIVE FACTORS OF ROAD TRAFFIC CRASHES  ,,,,,,,,,,,,,,,,,,,,Q2 2022 CAUSATIVE FACTORS OF ROAD TRAFFIC CRASHES  ,,,,,,,,,,,,,,,,,,,,Q3 2022 CAUSATIVE FACTORS OF ROAD TRAFFIC CRASHES  ,,,,,,,,,,,,,,,,,,,,Q4 2022 CAUSATIVE FACTORS OF ROAD TRAFFIC CRASHES  ,,,,,,,,,,,,,,,,,,,,Q1 2023 CAUSATIVE FACTORS OF ROAD TRAFFIC CRASHES  ,,,,,,,,,,,,,,,,,,,,Q2 2023 CAUSATIVE FACTORS OF ROAD TRAFFIC CRASHES  ,,,,,,,,,,,,,,,,,,,,,,,,,,,,,,,,,,,,,,,,,,,,,,,,,,,,,,,,,,,,,,,,,,,,,,,,,,,,,,,,,,,,,,,,,,,,,,,,,,,,,,,,,,,,,
STATE,SPV,UPD,TBT,MDV,BFL,OVL,DOT,WOT,DGD,BRD,RTV,OBS,SOS,DAD,PWR,FTQ,SLV,OTHERS,TOTAL,STATE,SPV,UPD,TBT,MDV,BFL,OVL,DOT,WOT,DGD,BRD,RTV,OBS,SOS,DAD,PWR,FTQ,SLV,OTHERS,TOTAL,STATE,SPV,UPD,TBT,MDV,BFL,OVL,DOT,WOT,DGD,BRD,RTV,OBS,SOS,DAD,PWR,FTQ,SLV,OTHERS,TOTAL,STATE,SPV,UPD,TBT,MDV,BFL,OVL,DOT,WOT,DGD,BRD,RTV,OBS,SOS,DAD,PWR,FTQ,SLV,OTHERS,TOTAL,STATE,SPV,UPD,TBT,MDV,BFL,OVL,DOT,WOT,DGD,BRD,RTV,OBS,SOS,DAD,PWR,FTQ,SLV,OTHERS,TOTAL,STATE,SPV,UPD,TBT,MDV,BFL,OVL,DOT,WOT,DGD,BRD,RTV,OBS,SOS,DAD,PWR,FTQ,SLV,OTHERS,TOTAL,STATE,SPV,UPD,TBT,MDV,BFL,OVL,DOT,WOT,DGD,BRD,RTV,OBS,SOS,DAD,PWR,FTQ,SLV,OTHERS,TOTAL,STATE,SPV,UPD,TBT,MDV,BFL,OVL,DOT,WOT,DGD,BRD,RTV,OBS,SOS,DAD,PWR,FTQ,SLV,OTHERS,TOTAL,STATE,SPV,UPD,TBT,MDV,BFL,OVL,DOT,WOT,DGD,BRD,RTV,OBS,SOS,DAD,PWR,FTQ,SLV,OTHERS,TOTAL,STATE,SPV,UPD,TBT,MDV,BFL,OVL,DOT,WOT,DGD,BRD,RTV,OBS,SOS,DAD,PWR,FTQ,SLV,OTHERS,TOTAL,STATE,SPV,UPD,TBT,MDV,BFL,OVL,DOT,WOT,DGD,BRD,RTV,OBS,SOS,DAD,PWR,FTQ,SLV,OTHERS,TOTAL,,,,,,,,,,,,,,,,,,,,,,,,,,,,,,,,,,,,,,,,,,,,,,,,,,,,,,,,,,,,,,,,,,,,,,,,,,,,,,,,,,,,,,,,,,
Abia,19,0,4,0,3,0,0,5,0,0,3,0,0,0,0,0,2,1,37,Abia,7,0,10,1,4,0,0,3,0,0,3,0,0,0,0,0,7,1,36,Abia,20,0,1,1,1,1,0,0,3,0,4,0,0,0,0,0,0,1,32,Abia,4,0,5,0,5,0,0,4,2,0,3,0,0,1,0,0,0,0,24,Abia,8,0,2,0,7,0,0,2,1,0,2,0,0,0,0,2,0,3,27,Abia,20,0,5,1,8,0,0,3,0,0,2,1,0,1,0,0,0,0,41,Abia,21,0,7,0,5,0,0,1,2,0,0,1,0,0,0,0,0,5,42,Abia,22,0,6,0,3,0,0,2,3,0,3,0,0,0,0,0,0,2,41,Abia,12,0,6,1,7,0,0,0,1,0,0,0,0,0,0,0,0,8,35,Abia,7,0,3,0,0,1,0,0,2,0,0,0,0,0,0,0,1,0,14,Abia,2,0,5,1,0,0,0,0,0,0,0,0,0,0,0,0,0,3,11,,,,,,,,,,,,,,,,,,,,,,,,,,,,,,,,,,,,,,,,,,,,,,,,,,,,,,,,,,,,,,,,,,,,,,,,,,,,,,,,,,,,,,,,,,
Adamawa,57,0,3,2,0,1,0,17,1,0,3,10,0,0,0,0,0,0,94,Adamawa,60,0,7,0,0,4,0,16,0,0,5,14,1,0,0,0,3,0,110,Adamawa,70,0,3,3,0,0,0,11,1,0,3,14,0,0,0,0,2,0,107,Adamawa,66,0,2,1,0,0,0,15,1,0,4,6,0,0,0,0,0,0,95,Adamawa,62,0,4,0,0,0,0,10,0,0,3,13,0,0,0,0,0,0,92,Adamawa,75,0,2,2,0,0,0,15,1,1,2,3,0,0,0,0,0,0,101,Adamawa,50,0,1,1,0,1,0,11,11,0,2,6,0,0,0,0,0,2,85,Adamawa,21,0,1,0,2,1,0,5,9,0,0,1,0,0,0,0,18,0,58,Adamawa,22,1,2,0,0,0,0,0,2,0,0,1,0,0,0,0,0,6,34,Adamawa,35,0,0,1,0,1,0,4,5,0,1,0,0,0,0,0,7,2,56,Adamawa,39,0,0,0,1,1,0,11,3,0,2,0,0,0,0,0,4,0,61,,,,,,,,,,,,,,,,,,,,,,,,,,,,,,,,,,,,,,,,,,,,,,,,,,,,,,,,,,,,,,,,,,,,,,,,,,,,,,,,,,,,,,,,,,
Akwa Ibom,15,0,0,0,2,0,0,1,4,0,1,0,0,0,0,1,0,0,24,Akwa Ibom,15,0,0,0,3,0,0,2,1,0,1,0,0,0,0,0,2,0,24,Akwa Ibom,10,0,0,0,1,0,0,2,1,1,1,0,0,0,0,0,0,1,17,Akwa Ibom,11,0,0,0,0,0,0,0,3,0,0,0,0,0,0,0,0,1,15,Akwa Ibom,12,0,1,3,4,0,1,0,0,0,0,0,0,0,0,0,0,2,23,Akwa Ibom,12,1,0,1,0,0,0,1,0,0,1,0,0,0,0,0,0,0,16,Akwa Ibom,17,1,0,4,3,1,0,1,0,1,3,0,0,0,0,0,0,0,31,Akwa Ibom,20,0,2,0,0,0,0,3,1,0,0,0,0,0,0,0,0,0,26,Akwa Ibom,16,0,2,0,1,0,0,0,3,0,0,0,0,0,0,0,0,1,23,Akwa Ibom,4,0,1,0,0,0,0,1,2,0,1,0,0,0,0,0,1,1,11,Akwa Ibom,12,0,0,0,2,0,0,1,3,0,0,0,0,0,0,0,0,1,19,,,,,,,,,,,,,,,,,,,,,,,,,,,,,,,,,,,,,,,,,,,,,,,,,,,,,,,,,,,,,,,,,,,,,,,,,,,,,,,,,,,,,,,,,,
Anambra,43,0,3,0,9,0,0,4,0,0,6,1,0,1,0,0,6,10,83,Anambra,59,0,6,1,21,0,0,6,1,0,4,1,0,0,0,0,9,1,109,Anambra,37,0,2,4,38,0,0,6,1,0,6,0,1,0,0,0,5,0,100,Anambra,20,0,4,1,32,0,0,5,1,0,9,56,0,3,0,0,3,12,146,Anambra,24,0,1,3,12,0,0,8,0,3,6,2,0,1,0,1,0,3,64,Anambra,24,0,1,0,7,0,0,8,0,0,2,3,0,0,0,1,0,0,46,Anambra,7,0,0,1,11,0,0,3,0,0,2,1,0,0,0,0,5,0,30,Anambra,19,0,1,1,12,1,0,4,0,1,4,0,0,1,0,0,4,3,51,Anambra,21,1,2,5,12,0,0,0,0,0,0,0,0,0,0,0,2,5,48,Anambra,8,0,0,3,1,0,0,2,0,0,2,0,0,0,0,0,1,2,19,Anambra,11,0,1,1,8,1,0,7,0,0,0,0,0,0,0,1,4,0,34,,,,,,,,,,,,,,,,,,,,,,,,,,,,,,,,,,,,,,,,,,,,,,,,,,,,,,,,,,,,,,,,,,,,,,,,,,,,,,,,,,,,,,,,,,
Bauchi,74,0,11,3,0,5,2,21,7,2,4,3,0,0,0,0,8,0,140,Bauchi,77,0,16,3,0,0,1,18,15,1,4,2,1,0,0,0,14,1,153,Bauchi,55,0,8,5,0,2,0,17,7,0,5,5,1,0,0,0,7,0,112,Bauchi,69,0,7,7,0,2,1,15,6,1,8,0,4,0,1,0,5,1,127,Bauchi,124,2,18,2,0,9,1,29,21,5,9,9,2,0,0,1,8,7,247,Bauchi,90,0,8,2,0,2,0,19,17,5,11,3,0,0,0,0,7,1,165,Bauchi,62,0,7,3,2,0,0,6,3,7,4,1,0,0,0,0,9,3,107,Bauchi,98,0,14,2,1,3,1,10,15,7,3,4,0,0,0,1,7,8,174,Bauchi,72,0,4,2,2,1,2,9,11,5,2,2,0,0,0,1,6,42,161,Bauchi,79,0,12,3,2,2,1,24,5,2,4,4,0,0,0,0,7,10,155,Bauchi,80,0,21,8,0,1,0,8,4,0,2,2,0,0,0,0,3,4,133,,,,,,,,,,,,,,,,,,,,,,,,,,,,,,,,,,,,,,,,,,,,,,,,,,,,,,,,,,,,,,,,,,,,,,,,,,,,,,,,,,,,,,,,,,
Bayelsa,1,0,0,0,0,0,0,0,0,0,0,0,0,0,0,0,0,0,1,Bayelsa,7,0,0,0,0,0,0,0,1,0,0,0,0,0,1,0,0,0,9,Bayelsa,5,0,0,0,0,0,0,0,1,0,1,0,0,0,0,0,0,3,10,Bayelsa,16,0,0,2,0,1,0,0,1,0,1,0,0,0,0,1,0,0,22,Bayelsa,16,0,1,1,0,0,0,1,0,0,0,0,0,0,0,0,0,0,19,Bayelsa,29,0,0,0,0,1,0,5,0,0,0,0,0,0,0,0,0,0,35,Bayelsa,21,0,0,0,0,1,0,0,0,0,1,0,0,0,0,0,0,0,23,Bayelsa,15,0,0,0,0,0,0,0,0,0,0,0,0,0,0,0,0,0,15,Bayelsa,4,0,1,0,0,0,0,0,0,0,0,0,0,0,0,0,0,4,9,Bayelsa,8,0,1,0,0,1,0,0,0,0,0,0,0,0,0,0,0,0,10,Bayelsa,3,0,2,0,0,1,0,3,0,0,0,0,0,0,0,0,0,0,9,,,,,,,,,,,,,,,,,,,,,,,,,,,,,,,,,,,,,,,,,,,,,,,,,,,,,,,,,,,,,,,,,,,,,,,,,,,,,,,,,,,,,,,,,,
Benue,81,0,0,0,0,0,0,0,0,0,0,0,0,0,0,0,0,0,81,Benue,46,0,1,0,1,0,0,0,2,0,0,0,0,0,0,0,1,3,54,Benue,63,1,0,0,0,0,0,0,2,0,1,0,0,0,0,0,2,0,69,Benue,37,0,0,0,1,0,0,2,7,0,0,0,0,1,0,0,0,5,53,Benue,34,1,2,0,0,0,0,3,4,1,1,0,0,1,0,0,0,4,51,Benue,55,2,2,3,3,0,0,4,4,1,2,2,1,0,0,0,0,1,80,Benue,51,1,6,1,3,0,1,11,8,0,0,1,0,1,0,0,0,6,90,Benue,49,0,3,0,6,0,0,8,1,0,2,0,0,0,0,0,0,4,73,Benue,52,0,7,1,3,0,0,0,0,0,4,1,0,1,0,0,0,8,77,Benue,19,0,1,2,1,0,0,3,1,0,4,1,0,0,0,0,0,5,37,Benue,47,0,2,0,0,0,0,6,0,0,1,0,0,0,0,0,0,1,57,,,,,,,,,,,,,,,,,,,,,,,,,,,,,,,,,,,,,,,,,,,,,,,,,,,,,,,,,,,,,,,,,,,,,,,,,,,,,,,,,,,,,,,,,,
Borno,11,0,4,2,0,0,0,0,1,0,0,0,0,0,0,0,0,0,18,Borno,31,0,3,0,0,0,0,2,5,0,2,1,0,0,0,0,2,0,46,Borno,7,0,7,0,0,0,0,3,0,0,0,0,0,0,0,0,7,0,24,Borno,9,0,4,0,0,0,0,2,0,0,0,0,0,0,0,0,1,0,16,Borno,13,0,1,1,0,1,0,2,1,0,1,0,0,0,0,0,1,0,21,Borno,15,0,4,1,0,0,0,0,0,0,0,0,0,0,0,0,6,0,26,Borno,6,0,1,0,0,0,0,0,0,0,0,0,0,0,0,0,5,0,12,Borno,10,0,2,0,0,0,0,3,0,0,1,0,0,0,0,0,9,1,26,Borno,5,0,3,3,0,0,0,0,3,0,0,0,0,0,0,0,25,8,47,Borno,6,0,7,1,0,0,0,0,2,0,0,0,0,0,0,0,9,1,26,Borno,20,0,10,2,0,0,0,5,3,0,1,0,0,0,0,0,13,1,55,,,,,,,,,,,,,,,,,,,,,,,,,,,,,,,,,,,,,,,,,,,,,,,,,,,,,,,,,,,,,,,,,,,,,,,,,,,,,,,,,,,,,,,,,,
Cross River,23,0,1,2,1,1,0,2,3,1,0,4,0,0,0,0,0,1,39,Cross River,17,0,0,2,2,0,0,5,3,0,0,0,0,0,0,0,0,2,31,Cross River,17,1,2,1,5,0,0,4,1,0,0,1,0,0,0,0,1,1,34,Cross River,24,0,5,1,1,0,0,7,0,0,0,0,0,0,0,1,0,1,40,Cross River,48,0,2,1,3,2,0,6,3,0,2,2,0,0,0,0,0,1,70,Cross River,13,0,1,0,2,0,0,1,1,0,1,2,0,0,0,0,0,2,23,Cross River,20,0,1,0,1,0,0,10,4,0,0,0,0,0,0,0,0,0,36,Cross River,26,0,0,1,2,0,0,4,0,1,0,0,0,0,0,0,0,0,34,Cross River,27,0,0,1,6,0,0,2,1,0,1,0,0,0,0,0,0,13,51,Cross River,12,0,0,0,2,0,0,0,0,0,1,0,0,0,0,0,0,0,15,Cross River,25,0,2,0,0,0,0,5,0,0,0,0,0,0,0,0,0,0,32,,,,,,,,,,,,,,,,,,,,,,,,,,,,,,,,,,,,,,,,,,,,,,,,,,,,,,,,,,,,,,,,,,,,,,,,,,,,,,,,,,,,,,,,,,
Delta,70,0,10,0,4,0,0,8,1,0,1,0,0,0,0,0,17,0,111,Delta,68,1,6,2,7,0,0,5,3,0,2,0,0,0,0,0,11,3,108,Delta,46,0,6,1,5,0,0,3,0,0,0,0,0,0,0,0,10,1,72,Delta,30,0,2,4,2,0,2,3,0,0,6,0,2,0,0,0,15,0,66,Delta,29,0,7,4,1,1,0,1,3,0,6,0,2,0,0,0,17,0,71,Delta,51,0,13,4,6,1,0,6,2,0,2,0,0,0,0,0,21,0,106,Delta,35,0,12,5,3,0,1,6,3,0,2,0,1,1,0,2,24,1,96,Delta,13,0,7,1,2,1,1,1,1,0,5,1,2,0,0,2,0,5,42,Delta,27,0,4,0,5,2,0,0,0,2,6,0,1,0,0,0,2,7,56,Delta,15,0,7,0,0,1,0,2,0,0,0,0,2,0,0,0,7,0,34,Delta,14,1,6,0,6,0,0,4,1,0,0,0,2,1,0,0,5,0,40,,,,,,,,,,,,,,,,,,,,,,,,,,,,,,,,,,,,,,,,,,,,,,,,,,,,,,,,,,,,,,,,,,,,,,,,,,,,,,,,,,,,,,,,,,
Ebonyi,9,0,8,0,0,0,0,6,3,0,0,0,0,0,0,0,3,0,29,Ebonyi,13,0,6,0,0,0,0,5,0,0,2,0,0,0,0,0,6,0,32,Ebonyi,20,0,6,0,0,0,0,4,0,0,1,0,0,0,0,0,2,2,35,Ebonyi,19,0,4,2,0,0,0,4,0,0,1,0,0,0,0,0,0,5,35,Ebonyi,16,0,2,0,1,0,0,4,4,0,2,0,0,0,0,0,1,3,33,Ebonyi,20,0,2,0,0,0,0,12,2,0,1,0,0,0,0,0,3,0,40,Ebonyi,11,0,3,0,1,0,0,5,1,0,1,0,0,0,0,0,1,3,26,Ebonyi,34,0,6,1,1,0,0,6,1,0,4,0,0,0,0,0,5,9,67,Ebonyi,16,0,11,2,1,0,0,1,0,0,1,0,0,0,0,0,4,25,61,Ebonyi,28,0,2,2,0,1,0,2,1,0,0,0,0,1,0,0,0,16,53,Ebonyi,35,0,4,1,2,1,0,2,2,0,5,0,0,0,0,0,0,1,53,,,,,,,,,,,,,,,,,,,,,,,,,,,,,,,,,,,,,,,,,,,,,,,,,,,,,,,,,,,,,,,,,,,,,,,,,,,,,,,,,,,,,,,,,,
Edo,77,0,9,2,2,2,0,4,5,0,1,0,0,0,0,0,0,0,102,Edo,68,0,2,1,2,0,0,5,4,0,6,0,0,0,0,0,0,1,89,Edo,61,0,3,2,4,0,0,9,1,0,1,0,0,0,0,0,0,0,81,Edo,68,0,2,3,7,0,0,11,1,0,0,0,0,0,0,0,5,1,98,Edo,61,0,1,0,6,0,0,3,2,0,0,0,0,0,0,0,14,0,87,Edo,80,0,4,2,16,0,0,9,0,0,2,1,0,0,0,0,7,0,121,Edo,55,0,5,1,11,0,0,5,3,0,3,0,0,0,0,0,7,0,90,Edo,44,0,4,0,11,1,0,4,3,0,6,0,1,0,0,1,17,5,97,Edo,10,0,5,5,18,2,0,1,0,2,2,0,0,1,0,0,25,27,98,Edo,25,0,6,11,9,2,0,4,3,0,0,0,0,0,0,0,33,1,94,Edo,35,0,2,0,24,0,0,4,1,0,1,0,0,0,0,0,27,3,97,,,,,,,,,,,,,,,,,,,,,,,,,,,,,,,,,,,,,,,,,,,,,,,,,,,,,,,,,,,,,,,,,,,,,,,,,,,,,,,,,,,,,,,,,,
Ekiti,23,0,1,0,4,0,0,7,2,0,1,1,0,1,0,0,4,2,46,Ekiti,29,0,1,1,4,0,0,1,0,0,0,0,0,1,0,0,4,0,41,Ekiti,39,0,2,0,1,1,0,1,4,1,0,1,0,0,0,0,10,0,60,Ekiti,30,0,0,0,6,0,0,3,2,3,1,0,0,1,0,0,14,0,60,Ekiti,18,0,0,0,5,0,0,1,0,0,5,0,0,0,0,0,9,0,38,Ekiti,19,0,0,1,2,1,0,0,0,0,0,0,0,0,0,0,3,1,27,Ekiti,54,0,0,0,2,0,0,2,1,0,0,0,0,1,0,0,1,0,61,Ekiti,38,0,0,0,0,0,0,0,2,0,0,0,0,1,0,0,1,0,42,Ekiti,11,0,1,2,0,1,0,0,1,0,0,0,0,0,0,0,0,14,30,Ekiti,39,0,1,2,4,0,0,0,1,0,1,0,0,1,0,0,1,0,50,Ekiti,38,2,1,0,4,0,0,2,0,0,0,1,0,0,0,0,1,2,51,,,,,,,,,,,,,,,,,,,,,,,,,,,,,,,,,,,,,,,,,,,,,,,,,,,,,,,,,,,,,,,,,,,,,,,,,,,,,,,,,,,,,,,,,,
Enugu,10,0,0,1,10,0,0,2,3,0,1,0,0,0,0,0,21,0,48,Enugu,3,0,4,3,7,0,0,5,7,0,5,0,0,0,0,0,41,0,75,Enugu,8,0,9,2,4,1,0,9,4,0,2,0,0,0,0,0,39,0,78,Enugu,45,0,6,1,21,0,0,7,2,0,1,0,0,0,0,0,17,0,100,Enugu,24,0,8,0,14,0,0,2,1,0,0,0,0,0,0,0,13,1,63,Enugu,18,0,1,0,17,1,0,4,0,0,0,1,0,0,0,0,20,1,63,Enugu,28,0,1,2,9,0,0,6,6,0,2,0,0,0,0,0,18,3,75,Enugu,17,0,4,1,9,1,0,0,0,0,4,0,0,0,0,0,10,6,52,Enugu,33,0,2,2,17,1,0,0,1,0,3,0,0,1,0,0,2,11,73,Enugu,28,0,0,0,7,0,0,1,3,0,2,0,0,0,0,0,4,3,48,Enugu,26,0,4,0,22,0,0,8,3,0,3,0,0,0,0,0,0,2,68,,,,,,,,,,,,,,,,,,,,,,,,,,,,,,,,,,,,,,,,,,,,,,,,,,,,,,,,,,,,,,,,,,,,,,,,,,,,,,,,,,,,,,,,,,
FCT,284,1,18,4,7,1,4,13,18,0,18,2,0,1,0,2,91,16,480,FCT,158,0,17,4,7,2,0,1,36,0,34,1,0,1,0,0,125,14,400,FCT,135,0,10,4,6,0,0,1,22,0,15,9,0,2,0,0,144,8,356,FCT,260,0,12,0,3,2,0,5,19,1,25,4,0,0,0,2,87,16,436,FCT,172,0,8,3,4,0,3,6,31,0,15,5,2,0,0,0,74,5,328,FCT,240,0,27,3,4,0,0,4,33,0,24,3,2,2,0,1,65,30,438,FCT,425,0,36,16,4,3,2,18,49,0,75,3,0,1,0,2,188,20,842,FCT,369,5,11,5,26,12,7,14,31,0,33,5,0,0,0,2,156,23,699,FCT,120,5,18,9,17,5,5,5,41,0,36,3,3,0,0,158,195,244,864,FCT,300,0,21,6,11,2,3,3,33,5,27,5,0,0,2,6,179,13,616,FCT,285,1,11,8,6,0,3,1,19,6,13,8,0,1,2,0,136,2,502,,,,,,,,,,,,,,,,,,,,,,,,,,,,,,,,,,,,,,,,,,,,,,,,,,,,,,,,,,,,,,,,,,,,,,,,,,,,,,,,,,,,,,,,,,
Gombe,59,1,2,1,1,0,0,7,8,0,1,0,0,0,0,0,4,0,84,Gombe,33,0,9,7,2,3,0,2,11,0,4,2,0,0,0,0,9,0,82,Gombe,40,0,1,0,2,6,0,3,26,0,5,3,0,0,0,0,21,0,107,Gombe,38,3,5,1,1,0,0,7,8,0,3,5,0,1,0,0,11,0,83,Gombe,44,5,7,0,0,5,0,5,27,1,2,4,0,0,0,0,12,0,112,Gombe,53,0,4,3,0,0,2,9,7,2,3,0,0,0,0,0,14,0,97,Gombe,43,2,7,2,0,5,0,3,13,0,2,1,0,0,0,0,16,0,94,Gombe,19,1,2,2,2,6,0,0,21,0,0,0,0,0,0,0,18,3,74,Gombe,33,0,3,7,1,3,0,0,18,0,2,0,0,0,0,0,19,50,136,Gombe,47,2,0,1,0,0,0,0,14,0,4,0,0,0,0,0,18,1,87,Gombe,40,0,4,2,2,0,0,4,11,0,2,1,0,0,0,0,4,0,70,,,,,,,,,,,,,,,,,,,,,,,,,,,,,,,,,,,,,,,,,,,,,,,,,,,,,,,,,,,,,,,,,,,,,,,,,,,,,,,,,,,,,,,,,,
Imo,11,0,3,0,1,0,0,1,4,1,0,1,0,0,0,0,2,0,24,Imo,5,0,3,1,2,0,0,3,0,0,0,0,0,0,0,0,2,0,16,Imo,6,0,5,0,3,0,0,1,3,0,2,1,0,0,0,0,3,0,24,Imo,10,0,2,1,4,0,0,3,3,0,2,0,0,1,0,0,1,0,27,Imo,20,0,2,0,5,0,0,3,5,1,2,0,0,0,0,0,0,0,38,Imo,5,0,3,0,7,0,0,1,1,0,0,0,0,0,0,0,10,0,27,Imo,6,0,1,0,3,0,0,0,6,0,0,0,0,0,0,0,10,0,26,Imo,3,0,1,0,1,0,0,0,4,0,1,0,0,0,0,0,5,4,19,Imo,6,0,1,0,3,0,0,0,7,0,0,0,0,0,0,0,3,6,26,Imo,8,0,0,0,2,0,0,2,0,1,0,0,0,0,0,0,0,1,14,Imo,16,0,2,0,2,0,0,1,1,0,0,0,0,0,0,0,0,3,25,,,,,,,,,,,,,,,,,,,,,,,,,,,,,,,,,,,,,,,,,,,,,,,,,,,,,,,,,,,,,,,,,,,,,,,,,,,,,,,,,,,,,,,,,,
Jigawa,118,1,11,2,0,12,0,7,1,0,8,10,0,0,0,0,6,1,177,Jigawa,82,1,7,1,0,12,0,6,6,0,5,7,0,0,0,1,4,0,132,Jigawa,74,0,12,1,0,7,1,6,0,0,6,9,0,0,0,1,2,1,120,Jigawa,89,0,8,1,0,7,1,3,2,0,8,5,0,0,2,0,6,5,137,Jigawa,142,2,14,0,0,9,2,7,4,1,10,9,0,0,0,0,12,9,221,Jigawa,168,1,13,0,0,11,0,6,2,0,3,0,0,0,0,0,0,0,204,Jigawa,99,0,11,1,0,5,0,10,3,0,3,9,0,0,1,1,3,1,147,Jigawa,201,0,9,0,0,9,0,7,1,1,9,7,0,0,0,1,4,3,252,Jigawa,128,1,7,1,0,13,2,5,5,0,6,11,0,0,0,1,3,128,311,Jigawa,185,0,6,0,0,3,0,7,6,0,5,0,0,0,0,0,0,14,226,Jigawa,136,0,15,4,0,7,0,2,3,0,5,16,0,0,0,0,1,5,194,,,,,,,,,,,,,,,,,,,,,,,,,,,,,,,,,,,,,,,,,,,,,,,,,,,,,,,,,,,,,,,,,,,,,,,,,,,,,,,,,,,,,,,,,,
Kaduna,194,1,13,0,5,3,4,15,13,8,22,2,2,0,0,0,35,46,363,Kaduna,211,1,22,4,5,0,0,30,12,3,16,2,3,0,0,7,48,4,368,Kaduna,179,0,21,1,3,4,1,31,12,2,4,8,0,0,0,5,19,9,299,Kaduna,118,0,7,3,2,3,0,29,2,2,11,0,0,0,0,1,16,7,201,Kaduna,121,0,8,2,2,1,3,16,9,4,10,1,0,0,0,5,0,6,188,Kaduna,110,0,13,2,1,1,1,15,19,2,13,1,0,0,0,4,0,14,196,Kaduna,99,0,15,9,2,0,0,23,9,1,10,3,0,0,0,6,1,3,181,Kaduna,119,0,9,4,2,2,1,27,19,0,8,0,0,2,0,3,0,4,200,Kaduna,133,0,13,4,3,0,1,4,10,0,15,1,0,0,0,10,0,9,203,Kaduna,109,0,11,3,0,0,1,17,26,3,16,0,0,0,0,8,0,1,195,Kaduna,125,0,7,2,2,1,7,18,23,2,6,4,0,1,0,7,5,8,218,,,,,,,,,,,,,,,,,,,,,,,,,,,,,,,,,,,,,,,,,,,,,,,,,,,,,,,,,,,,,,,,,,,,,,,,,,,,,,,,,,,,,,,,,,
Kano,90,0,4,0,2,0,2,7,13,0,6,0,0,0,0,2,3,1,130,Kano,110,1,8,0,1,2,4,17,6,1,12,2,0,0,0,3,17,0,184,Kano,56,0,3,1,1,0,3,7,6,1,1,2,0,0,0,0,0,6,87,Kano,16,0,4,0,1,0,0,3,8,0,0,0,0,0,0,0,1,0,33,Kano,30,0,1,1,0,1,1,3,3,0,6,0,0,0,0,0,5,0,51,Kano,80,0,5,1,2,2,0,6,7,0,5,3,0,0,0,1,11,1,124,Kano,71,0,2,2,2,2,0,6,7,0,7,1,0,0,0,0,6,1,107,Kano,96,0,1,0,2,1,2,2,5,0,8,1,1,0,0,0,13,3,135,Kano,66,0,6,0,0,4,0,6,11,0,6,0,0,0,0,0,5,43,147,Kano,53,0,5,1,0,1,0,3,6,0,1,1,0,0,0,0,5,2,78,Kano,54,0,4,3,2,2,0,6,8,0,11,2,0,0,0,1,19,3,115,,,,,,,,,,,,,,,,,,,,,,,,,,,,,,,,,,,,,,,,,,,,,,,,,,,,,,,,,,,,,,,,,,,,,,,,,,,,,,,,,,,,,,,,,,
Katsina,80,0,1,2,3,0,0,4,7,3,3,1,1,0,0,0,1,1,107,Katsina,74,0,2,0,3,0,0,3,7,0,2,0,0,0,0,0,1,1,93,Katsina,40,0,2,0,0,0,0,2,8,3,0,0,0,0,0,0,3,0,58,Katsina,21,0,2,0,0,0,0,1,2,0,1,0,0,0,0,0,0,0,27,Katsina,11,0,0,0,0,0,0,1,3,0,0,0,0,0,0,0,0,2,17,Katsina,10,0,2,0,0,2,0,0,2,0,0,0,0,0,0,0,2,0,18,Katsina,21,0,3,0,0,1,0,0,1,0,0,0,0,0,0,0,2,0,28,Katsina,43,0,6,2,1,0,0,0,2,0,1,0,0,0,0,0,10,2,67,Katsina,21,0,3,0,0,1,0,2,3,0,2,0,0,0,0,0,4,8,44,Katsina,18,0,1,0,0,1,0,1,1,0,1,0,0,0,0,0,2,0,25,Katsina,31,0,5,0,0,1,0,2,0,0,0,0,0,0,0,0,8,0,47,,,,,,,,,,,,,,,,,,,,,,,,,,,,,,,,,,,,,,,,,,,,,,,,,,,,,,,,,,,,,,,,,,,,,,,,,,,,,,,,,,,,,,,,,,
Kebbi,45,0,3,2,0,0,0,6,4,0,1,0,0,0,0,0,1,2,64,Kebbi,38,0,0,0,0,1,0,4,4,0,0,0,0,0,0,0,0,0,47,Kebbi,41,0,0,0,0,1,0,4,1,0,4,0,0,1,0,0,2,1,55,Kebbi,41,0,0,1,0,1,0,4,8,0,2,0,0,0,0,1,0,0,58,Kebbi,47,1,0,0,0,0,0,8,5,0,0,0,0,0,0,0,1,2,64,Kebbi,57,0,0,0,0,0,0,2,0,0,0,0,0,0,0,0,0,0,59,Kebbi,33,3,0,0,0,0,0,1,2,0,0,0,0,0,0,0,0,0,39,Kebbi,45,0,0,0,0,1,0,2,1,0,1,0,0,0,0,0,3,0,53,Kebbi,13,0,0,0,0,1,0,0,1,0,0,0,0,0,0,0,0,30,45,Kebbi,25,0,0,0,0,1,0,1,2,0,0,0,0,0,0,0,1,1,31,Kebbi,26,0,0,0,0,0,1,0,1,0,2,0,0,0,0,0,1,1,32,,,,,,,,,,,,,,,,,,,,,,,,,,,,,,,,,,,,,,,,,,,,,,,,,,,,,,,,,,,,,,,,,,,,,,,,,,,,,,,,,,,,,,,,,,
Kogi,91,0,8,4,8,1,0,16,8,2,6,6,0,1,0,1,26,0,178,Kogi,105,0,8,5,10,0,0,19,6,0,11,9,4,1,0,0,35,3,216,Kogi,56,0,3,6,5,4,0,10,9,0,7,2,2,0,0,0,32,3,139,Kogi,72,0,5,4,7,0,0,9,6,0,8,1,1,0,0,1,21,2,137,Kogi,105,0,5,7,15,1,0,20,7,0,16,3,5,1,0,0,39,8,232,Kogi,132,1,9,5,13,2,0,20,11,0,6,2,10,0,0,1,2,8,222,Kogi,131,0,9,9,17,0,0,17,16,0,16,2,9,1,0,2,2,2,233,Kogi,99,0,15,3,9,0,0,14,0,0,13,5,4,0,0,5,4,5,176,Kogi,82,1,6,5,16,2,0,0,8,0,13,7,0,0,0,0,6,35,181,Kogi,73,1,12,7,9,0,0,13,2,0,8,0,1,0,0,1,0,4,131,Kogi,64,0,7,7,6,0,0,14,2,0,5,2,1,0,0,0,0,10,118,,,,,,,,,,,,,,,,,,,,,,,,,,,,,,,,,,,,,,,,,,,,,,,,,,,,,,,,,,,,,,,,,,,,,,,,,,,,,,,,,,,,,,,,,,
Kwara,105,1,5,3,5,0,0,18,6,2,0,0,0,0,0,0,15,3,163,Kwara,91,0,5,6,1,1,1,17,2,0,0,0,0,0,0,0,32,7,163,Kwara,64,0,10,6,3,0,0,16,3,0,0,0,0,2,0,0,37,3,144,Kwara,65,0,5,5,3,0,0,7,4,0,1,1,1,0,0,0,14,2,108,Kwara,64,0,4,6,2,0,0,18,9,0,3,0,0,0,0,0,26,4,136,Kwara,109,1,10,4,5,0,0,7,4,0,2,0,0,0,0,0,3,1,146,Kwara,67,0,4,5,4,0,3,13,11,0,2,1,0,1,0,0,14,2,127,Kwara,96,0,5,4,2,0,2,7,2,0,0,0,0,0,0,0,1,1,120,Kwara,49,1,12,7,6,0,1,0,5,1,4,1,0,0,0,0,3,52,142,Kwara,88,0,11,8,5,0,0,16,1,0,3,1,0,1,0,0,2,3,139,Kwara,95,0,6,2,0,0,0,10,0,0,8,2,0,0,0,0,4,0,127,,,,,,,,,,,,,,,,,,,,,,,,,,,,,,,,,,,,,,,,,,,,,,,,,,,,,,,,,,,,,,,,,,,,,,,,,,,,,,,,,,,,,,,,,,
Lagos,46,0,3,12,23,0,0,4,6,6,3,0,0,1,0,3,0,7,114,Lagos,85,0,2,16,13,0,0,12,8,3,6,0,0,0,0,2,0,5,152,Lagos,75,0,7,6,20,0,0,6,14,6,3,0,0,0,0,3,0,6,146,Lagos,71,1,2,13,15,0,0,9,10,2,8,0,1,0,1,2,0,9,144,Lagos,84,0,4,17,6,0,0,12,13,1,5,1,0,2,0,3,1,7,156,Lagos,88,0,9,9,34,0,0,6,13,0,14,0,0,3,0,6,0,16,198,Lagos,87,0,3,10,22,0,0,8,5,0,4,0,0,4,1,0,0,5,149,Lagos,79,0,5,14,8,0,0,8,3,0,6,0,0,3,0,0,0,18,144,Lagos,92,0,6,11,25,0,0,0,6,0,3,0,0,0,0,0,0,12,155,Lagos,66,0,3,8,12,0,0,9,1,0,4,0,0,0,0,1,0,9,113,Lagos,77,0,2,13,9,0,0,13,8,0,7,0,0,4,0,0,0,5,138,,,,,,,,,,,,,,,,,,,,,,,,,,,,,,,,,,,,,,,,,,,,,,,,,,,,,,,,,,,,,,,,,,,,,,,,,,,,,,,,,,,,,,,,,,
Nasarawa,114,0,6,4,1,0,0,12,52,5,14,2,0,0,0,0,32,29,271,Nasarawa,75,0,8,9,3,0,0,10,34,1,11,0,0,1,0,1,34,31,218,Nasarawa,107,1,6,2,5,3,2,43,37,1,10,4,1,2,0,0,48,14,286,Nasarawa,126,0,9,1,4,1,0,32,34,0,9,1,0,0,0,0,37,11,265,Nasarawa,92,1,4,25,9,4,8,22,20,22,4,6,0,3,0,0,33,48,301,Nasarawa,183,0,10,6,6,3,0,18,27,0,17,5,0,0,0,0,44,13,332,Nasarawa,133,0,9,5,2,1,0,29,35,1,26,3,1,1,1,0,32,27,306,Nasarawa,129,0,4,2,3,3,0,19,45,0,21,3,0,1,0,0,39,37,306,Nasarawa,105,1,10,29,10,1,0,0,27,0,11,5,0,0,0,0,42,47,288,Nasarawa,73,0,4,5,4,4,0,19,16,0,9,1,0,0,0,0,34,14,183,Nasarawa,140,0,6,3,3,6,0,6,37,0,24,0,0,0,0,0,36,13,274,,,,,,,,,,,,,,,,,,,,,,,,,,,,,,,,,,,,,,,,,,,,,,,,,,,,,,,,,,,,,,,,,,,,,,,,,,,,,,,,,,,,,,,,,,
Niger,102,0,1,1,4,0,0,4,0,0,8,1,1,0,0,0,4,0,126,Niger,128,0,1,4,4,2,0,11,8,0,7,1,0,0,0,2,2,1,171,Niger,114,0,7,1,2,2,2,16,1,2,6,4,0,0,0,18,14,5,194,Niger,162,2,5,0,2,0,0,27,6,0,11,3,0,0,0,25,26,4,273,Niger,154,0,7,2,7,2,0,21,6,1,6,3,0,0,0,3,9,4,225,Niger,124,0,8,0,2,2,0,22,1,2,3,1,0,0,0,21,4,7,197,Niger,141,0,7,2,0,1,0,15,1,1,5,1,0,1,0,2,4,4,185,Niger,120,0,3,1,5,1,1,9,4,1,3,0,0,0,0,9,3,7,167,Niger,90,0,4,2,10,1,0,1,6,1,5,0,0,2,0,7,1,65,195,Niger,103,0,5,1,7,3,2,13,6,0,2,1,0,0,1,3,4,10,161,Niger,128,1,2,3,4,2,0,10,6,1,5,1,0,1,1,2,6,4,177,,,,,,,,,,,,,,,,,,,,,,,,,,,,,,,,,,,,,,,,,,,,,,,,,,,,,,,,,,,,,,,,,,,,,,,,,,,,,,,,,,,,,,,,,,
Ogun,254,0,22,10,28,4,1,12,20,1,13,6,0,0,0,0,2,4,377,Ogun,270,0,20,25,23,6,1,18,8,10,11,4,3,0,0,0,4,4,407,Ogun,293,0,0,17,0,0,0,19,3,0,5,1,0,1,0,0,0,4,343,Ogun,253,0,6,19,2,1,1,10,5,0,12,0,0,2,0,0,0,1,312,Ogun,239,1,0,17,0,0,0,18,9,0,11,0,0,0,0,0,0,4,299,Ogun,260,0,7,5,7,2,0,16,7,0,18,0,1,2,0,0,4,15,344,Ogun,243,1,8,4,5,0,0,20,19,0,26,0,0,2,0,0,5,11,344,Ogun,313,2,28,13,17,0,0,29,7,0,34,1,0,1,0,0,6,27,478,Ogun,183,0,19,10,9,0,0,0,15,0,33,0,0,1,0,0,6,202,478,Ogun,320,0,14,14,16,3,0,18,4,0,20,5,4,1,0,6,7,25,457,Ogun,340,1,37,20,22,3,0,14,15,2,22,2,4,0,0,2,4,14,502,,,,,,,,,,,,,,,,,,,,,,,,,,,,,,,,,,,,,,,,,,,,,,,,,,,,,,,,,,,,,,,,,,,,,,,,,,,,,,,,,,,,,,,,,,
Ondo,107,0,7,3,3,0,0,14,13,1,4,1,1,0,0,1,0,0,155,Ondo,96,0,8,3,9,0,1,14,12,3,4,0,0,0,0,2,0,0,152,Ondo,90,2,9,3,5,0,0,13,13,5,3,2,0,2,0,1,0,0,148,Ondo,72,0,2,1,4,0,1,11,12,5,4,1,0,0,0,0,0,0,113,Ondo,95,1,6,1,9,1,0,10,29,5,2,0,0,0,0,2,1,0,162,Ondo,95,0,11,3,8,2,0,9,22,0,7,0,0,0,0,0,0,0,157,Ondo,90,0,5,4,3,1,0,13,21,4,14,0,0,0,0,0,0,1,156,Ondo,103,0,7,3,4,0,0,10,13,5,3,1,0,0,0,1,0,1,151,Ondo,81,0,4,2,3,1,0,0,16,6,1,2,0,0,0,1,0,16,133,Ondo,70,1,12,0,4,0,0,1,12,1,6,1,1,0,0,1,0,2,112,Ondo,83,1,6,2,3,1,1,12,6,0,4,3,3,0,1,1,0,2,129,,,,,,,,,,,,,,,,,,,,,,,,,,,,,,,,,,,,,,,,,,,,,,,,,,,,,,,,,,,,,,,,,,,,,,,,,,,,,,,,,,,,,,,,,,
Osun,93,0,11,5,3,2,0,8,10,2,7,1,1,0,0,0,0,0,143,Osun,78,0,11,6,8,0,2,7,10,2,2,2,1,0,0,3,0,0,132,Osun,61,0,15,3,7,1,1,8,4,2,4,3,0,0,0,3,0,0,112,Osun,78,0,8,4,6,1,0,17,9,2,9,0,0,0,0,0,0,0,134,Osun,73,0,9,5,6,0,2,11,6,1,19,0,0,0,0,0,0,2,134,Osun,75,0,18,6,4,1,1,13,2,1,15,0,0,0,0,0,1,2,139,Osun,61,0,12,3,6,1,0,11,4,3,13,0,0,0,0,0,0,2,116,Osun,78,0,10,3,6,1,2,5,5,0,11,0,0,0,0,0,0,1,122,Osun,64,0,14,5,6,2,0,0,3,4,16,1,0,0,2,0,0,9,126,Osun,53,0,11,2,0,0,4,2,1,0,8,0,0,0,0,0,0,2,83,Osun,56,0,12,0,4,1,3,5,1,0,11,0,0,0,0,0,0,2,95,,,,,,,,,,,,,,,,,,,,,,,,,,,,,,,,,,,,,,,,,,,,,,,,,,,,,,,,,,,,,,,,,,,,,,,,,,,,,,,,,,,,,,,,,,
Oyo,128,1,15,5,14,1,0,14,18,1,6,0,2,0,0,4,0,0,209,Oyo,129,0,14,7,19,1,2,19,17,5,4,2,0,0,2,1,0,0,222,Oyo,107,1,10,2,4,0,0,22,12,5,11,2,0,0,0,5,0,0,181,Oyo,88,1,14,4,11,0,0,18,6,2,7,1,0,0,0,4,3,0,159,Oyo,101,1,12,7,8,2,2,15,17,2,10,0,1,1,0,5,1,0,185,Oyo,124,0,14,5,12,2,0,14,15,0,10,1,0,0,0,4,0,4,205,Oyo,106,1,22,8,15,1,0,12,13,0,10,0,0,0,0,4,0,3,195,Oyo,105,0,19,6,4,2,3,15,19,2,16,2,0,0,0,2,0,1,196,Oyo,115,1,8,7,4,1,0,0,25,2,17,2,1,0,0,2,0,24,209,Oyo,84,0,8,5,9,2,3,6,12,2,3,0,0,0,0,1,0,1,136,Oyo,87,2,5,5,9,2,2,6,19,2,12,0,1,0,1,0,0,2,155,,,,,,,,,,,,,,,,,,,,,,,,,,,,,,,,,,,,,,,,,,,,,,,,,,,,,,,,,,,,,,,,,,,,,,,,,,,,,,,,,,,,,,,,,,
Plateau,18,0,2,3,9,0,0,3,7,0,0,0,0,2,0,0,1,3,48,Plateau,15,0,1,3,7,1,0,4,9,0,0,1,0,0,0,0,1,9,51,Plateau,31,0,2,3,17,0,0,10,17,1,2,4,0,0,0,0,6,11,104,Plateau,23,0,4,5,15,0,0,9,10,0,0,2,0,0,0,0,2,7,77,Plateau,31,0,2,5,21,0,0,5,6,0,0,0,0,2,0,0,2,6,80,Plateau,26,0,0,2,18,1,0,8,6,0,7,1,0,1,0,0,1,5,76,Plateau,26,0,2,9,5,1,1,10,4,0,0,2,0,0,0,1,1,13,75,Plateau,38,0,5,8,10,0,0,4,9,0,5,3,0,1,0,2,1,6,92,Plateau,27,0,2,20,2,0,0,2,4,0,0,2,0,0,0,0,0,25,84,Plateau,42,0,1,18,11,2,1,13,18,0,0,3,0,0,0,0,2,9,120,Plateau,25,0,6,6,11,0,0,6,6,0,3,4,0,0,0,1,1,2,71,,,,,,,,,,,,,,,,,,,,,,,,,,,,,,,,,,,,,,,,,,,,,,,,,,,,,,,,,,,,,,,,,,,,,,,,,,,,,,,,,,,,,,,,,,
Rivers,19,0,2,1,3,0,0,0,0,0,2,0,0,0,0,0,2,0,29,Rivers,12,0,4,0,0,0,0,2,0,0,1,0,0,0,0,0,1,2,22,Rivers,13,0,0,0,2,0,2,3,4,0,4,0,0,0,0,0,0,1,29,Rivers,16,0,2,0,2,0,0,6,4,0,5,0,0,0,0,0,0,1,36,Rivers,14,0,5,0,6,0,2,4,3,0,2,1,0,0,0,0,0,0,37,Rivers,20,0,4,1,3,0,0,2,3,0,4,0,0,0,0,0,0,1,38,Rivers,7,0,3,1,2,0,0,2,5,1,1,0,0,0,0,0,0,1,23,Rivers,8,0,1,0,8,0,0,3,3,0,2,0,0,0,0,0,0,0,25,Rivers,6,0,2,1,4,0,0,1,4,1,3,0,0,0,0,0,0,7,29,Rivers,16,0,0,0,1,0,0,0,1,0,2,0,0,1,0,0,0,0,21,Rivers,18,0,2,2,1,0,0,2,1,0,5,0,0,0,0,0,0,0,31,,,,,,,,,,,,,,,,,,,,,,,,,,,,,,,,,,,,,,,,,,,,,,,,,,,,,,,,,,,,,,,,,,,,,,,,,,,,,,,,,,,,,,,,,,
Sokoto,49,0,0,0,0,2,0,2,2,0,1,4,0,0,0,0,0,0,60,Sokoto,46,0,1,0,1,0,1,1,5,0,1,1,0,0,0,0,0,0,57,Sokoto,35,0,0,0,0,1,0,0,3,0,0,0,0,0,0,0,0,0,39,Sokoto,26,0,2,0,0,0,0,0,3,0,1,1,0,0,0,0,0,1,34,Sokoto,61,0,2,0,0,0,0,0,1,0,1,0,0,0,0,0,0,0,65,Sokoto,19,0,3,0,1,0,1,2,1,0,1,0,0,0,0,0,0,5,33,Sokoto,20,0,4,0,1,0,0,2,1,0,4,0,0,0,0,0,0,8,40,Sokoto,31,0,3,1,1,0,0,6,15,0,1,0,1,0,0,2,0,4,65,Sokoto,19,0,0,0,2,1,0,1,6,0,3,0,0,2,0,0,0,16,50,Sokoto,14,0,1,0,0,0,0,0,3,0,0,0,0,0,0,0,2,3,23,Sokoto,13,0,2,1,0,1,0,2,10,0,0,0,0,0,0,0,0,1,30,,,,,,,,,,,,,,,,,,,,,,,,,,,,,,,,,,,,,,,,,,,,,,,,,,,,,,,,,,,,,,,,,,,,,,,,,,,,,,,,,,,,,,,,,,
Taraba,57,0,2,1,0,1,0,4,7,0,3,0,5,0,0,0,12,0,92,Taraba,31,0,3,1,0,0,0,3,21,0,1,3,22,0,0,0,19,0,104,Taraba,28,0,1,0,0,3,0,2,21,0,1,0,0,0,0,0,21,0,77,Taraba,18,0,0,0,0,1,0,6,15,0,2,0,4,0,0,0,20,0,66,Taraba,25,0,2,0,0,6,0,3,11,0,0,0,0,0,0,0,31,0,78,Taraba,21,0,5,0,0,3,0,12,16,0,1,0,0,0,0,3,13,0,74,Taraba,25,0,3,0,0,0,0,1,24,0,13,1,0,0,0,2,17,0,86,Taraba,18,0,1,0,0,4,1,4,27,3,7,0,0,0,0,0,21,6,92,Taraba,4,0,2,1,1,1,0,0,25,0,4,0,0,0,0,0,34,11,83,Taraba,9,0,3,0,0,0,0,3,14,0,3,1,0,0,0,0,21,2,56,Taraba,22,0,2,1,0,0,0,6,12,0,2,0,0,0,0,0,17,1,63,,,,,,,,,,,,,,,,,,,,,,,,,,,,,,,,,,,,,,,,,,,,,,,,,,,,,,,,,,,,,,,,,,,,,,,,,,,,,,,,,,,,,,,,,,
Yobe,28,0,9,1,0,2,0,7,5,0,1,0,0,0,0,0,0,0,53,Yobe,28,0,5,1,0,1,0,6,7,1,1,1,0,0,0,0,0,0,51,Yobe,24,0,11,0,0,0,0,6,6,0,0,0,0,0,0,0,0,0,47,Yobe,33,0,14,0,0,2,0,8,7,0,1,0,0,0,0,0,1,0,66,Yobe,29,0,10,2,0,1,1,2,10,1,0,2,0,0,0,0,1,0,59,Yobe,21,0,5,0,0,1,0,3,3,0,4,0,0,0,0,0,0,1,38,Yobe,27,0,6,2,0,1,0,1,0,0,0,0,0,0,0,0,6,1,44,Yobe,26,0,1,0,1,0,0,2,2,0,2,0,0,0,0,0,1,21,56,Yobe,25,3,6,6,1,2,0,0,1,2,1,0,1,0,0,0,2,18,68,Yobe,36,0,6,5,0,1,0,3,1,0,2,0,1,0,0,0,0,2,57,Yobe,36,0,7,0,0,3,0,8,2,0,4,0,0,0,0,0,2,2,64,,,,,,,,,,,,,,,,,,,,,,,,,,,,,,,,,,,,,,,,,,,,,,,,,,,,,,,,,,,,,,,,,,,,,,,,,,,,,,,,,,,,,,,,,,
Zamfara,40,0,2,1,0,5,2,6,0,1,2,0,0,0,0,0,1,12,72,Zamfara,29,0,2,0,0,0,1,6,2,0,5,0,1,0,0,0,1,0,47,Zamfara,35,1,5,0,0,2,0,5,0,0,4,1,0,0,0,0,3,1,57,Zamfara,9,0,2,0,0,0,0,4,0,0,4,0,0,0,0,0,2,0,21,Zamfara,22,0,2,0,0,0,0,5,1,1,0,0,0,0,0,0,1,0,32,Zamfara,20,0,0,0,0,1,0,8,0,0,0,0,0,0,0,0,2,0,31,Zamfara,19,0,1,0,0,0,0,4,3,0,1,0,0,0,0,0,5,0,33,Zamfara,22,0,1,1,1,0,0,6,2,0,0,0,0,0,0,0,0,1,34,Zamfara,13,1,2,0,0,1,1,2,0,0,3,0,0,0,0,0,1,11,35,Zamfara,14,0,0,0,0,3,0,4,0,0,1,0,0,0,0,0,2,0,24,Zamfara,14,1,1,1,0,0,1,2,0,0,3,0,0,0,0,0,0,0,23,,,,,,,,,,,,,,,,,,,,,,,,,,,,,,,,,,,,,,,,,,,,,,,,,,,,,,,,,,,,,,,,,,,,,,,,,,,,,,,,,,,,,,,,,,
